[
  {
    "model": "content.band",
    "pk": 1,
    "fields": {
      "name": "AC/DC",
      "founded": "1973-dosud",
      "genre": [1],
      "description": "AC/DC je australská rocková kapela založená v roce 1973 bratry Malcolmem a Angusem Youngovými. Proslavila se syrovým hardrockovým zvukem, jednoduchými, ale silnými kytarovými riffy a strhujícím pódiovým projevem. Alba jako High Voltage, Highway to Hell nebo Back in Black patří mezi nejprodávanější v historii rockové hudby. AC/DC jsou považováni za jednu z největších kapel všech dob a jejich styl zůstává nezaměnitelný.",
      "logo": "https://upload.wikimedia.org/wikipedia/commons/5/58/Logo_ACDC.svg",
      "photo": "https://www.rollingstone.com/wp-content/uploads/2020/10/10025-01E-JC-white_group_4559_sRGB.jpg",
      "members": "Angus Young, Brian Johnson, Cliff Williams, Phil Rudd, Stevie Young"
    }
  },
  {
    "model": "content.band",
    "pk": 2,
    "fields": {
      "name": "Led Zeppelin",
      "founded": "1968-1980",
      "genre": [1],
      "description": "Led Zeppelin, vzniklí v roce 1968, patří mezi zakladatele hard rocku a heavy metalu. Jejich hudba spojuje blues, folk, psychedelii i monumentální rockové aranže. Skupina se proslavila nejen hity jako „Whole Lotta Love“ nebo „Kashmir“, ale i svou mystikou, experimentálním zvukem a monumentálními koncerty. Album Led Zeppelin IV s ikonickou skladbou „Stairway to Heaven“ je považováno za jeden z vrcholů rockové tvorby.",
      "logo": "https://upload.wikimedia.org/wikipedia/commons/thumb/9/9e/Led_Zeppelin_logo.svg/2560px-Led_Zeppelin_logo.svg.png",
      "photo": "https://www.udiscovermusic.com/wp-content/uploads/2020/11/Led-Zeppelin-GettyImages-84848509-1000x600.jpg",
      "members": "Robert Plant, Jimmy Page, John Paul Jones, John Bonham"
    }
  },
  {
    "model": "content.band",
    "pk": 3,
    "fields": {
      "name": "The Beatles",
      "founded": "1960-1970",
      "genre": [1],
      "description": "The Beatles, aktivní mezi lety 1960–1970, byli britskou skupinou, která zcela změnila podobu populární hudby. John Lennon, Paul McCartney, George Harrison a Ringo Starr začínali jako beatová senzace, ale rychle přešli k experimentálním a inovativním nahrávkám. Jejich diskografie zahrnuje přelomová alba jako Revolver, Sgt. Pepper's Lonely Hearts Club Band nebo Abbey Road. Beatles ovlivnili nespočet umělců a zůstávají kulturní ikonou.",
      "logo": "https://upload.wikimedia.org/wikipedia/commons/thumb/3/33/The_Beatles_logo.svg/768px-The_Beatles_logo.svg.png",
      "photo": "https://people.com/thmb/PMUyQaP0AFsOP-Pz4Cwzbrc5KEk=/4000x0/filters:no_upscale():max_bytes(150000):strip_icc():focal(999x0:1001x2)/the-beetles-2-22b122473d4747759438521bde786ada.jpg",
      "members": "John Lennon, Paul McCartney, George Harrison, Ringo Starr"
    }
  },
  {
    "model": "content.band",
    "pk": 4,
    "fields": {
      "name": "Queen",
      "founded": "1970-1991",
      "genre": [1],
      "description": "Queen, založení v roce 1970, spojili tvrdý rock, pop i operní prvky do unikátního zvuku, který se stal světovým fenoménem. Frontman Freddie Mercury vynikal svým charismatem a hlasovým rozsahem, zatímco Brian May přinesl charakteristický zvuk své kytary Red Special. Hity jako „Bohemian Rhapsody“, „We Are the Champions“ nebo „Somebody to Love“ definují jejich bohatou diskografii, která stále oslovuje nové generace fanoušků.",
      "logo": "https://upload.wikimedia.org/wikipedia/commons/7/7c/Queen_logo.svg",
      "photo": "https://upload.wikimedia.org/wikipedia/commons/e/ec/Queen_A_Night_At_The_Opera_%281975_Elektra_publicity_photo_02%29.jpg",
      "members": "Freddie Mercury, Brian May, Roger Taylor, John Deacon"
    }
  },
  {
    "model": "content.band",
    "pk": 5,
    "fields": {
      "name": "Nirvana",
      "founded": "1987-1994",
      "genre": [2],
      "description": "Nirvana vznikla koncem 80. let v Seattlu a stala se hlasem generace X. V čele s Kurtem Cobainem přinesla do hlavního proudu syrový, emotivní grunge zvuk kombinující punk, alternativní rock a introspektivní texty. Průlomové album Nevermind (1991) obsahuje hymnický hit „Smells Like Teen Spirit“, který katapultoval kapelu na vrchol. Přestože Nirvana existovala jen krátce, její vliv na hudbu a kulturu zůstává obrovský.",
      "logo": "https://logos-world.net/wp-content/uploads/2020/05/Nirvana-Logo.png",
      "photo": "https://dailytimes.com.pk/assets/uploads/2020/01/200107-03.jpg",
      "members": "Kurt Cobain, Krist Novoselic, Dave Grohl"
    }
  },
  {
    "model": "content.band",
    "pk": 6,
    "fields":{
      "name": "Metallica",
      "founded": "1981-dosud",
      "genre": [3],
      "description": "Metallica, založená v roce 1981, je jednou z nejvlivnějších metalových kapel všech dob. Jejich agresivní zvuk, technická preciznost a silné texty přetvořily metalovou scénu. S albem Master of Puppets (1986) a ikonickým Black Album (1991) dosáhli komerčního úspěchu a kritického uznání. Metallica je známá svými energickými koncerty a neustálým experimentováním s hudebními styly.",
      "logo": "https://upload.wikimedia.org/wikipedia/commons/e/ea/Metallica_wordmark.svg",
      "photo": "https://m.media-amazon.com/images/M/MV5BYWQxMDc3MDYtYjgyMi00ZmViLTk1NjUtNWQ5YTY1MDRmMjc3XkEyXkFqcGc@._V1_.jpg",
      "members": "James Hetfield, Lars Ulrich, Kirk Hammett, Robert Trujillo"
    }
  },

  {
    "model": "content.genre",
    "pk": 1,
    "fields": {
      "name": "Rock"
    }
  },
  {
    "model": "content.genre",
    "pk": 2,
    "fields": {
      "name": "Grunge"
    }
  },
  {
    "model": "content.genre",
    "pk": 3,
    "fields": {
      "name": "Metal"
    }
  },
  {
    "model": "content.album",
    "pk": 1,
    "fields": {
      "band": 1,
      "title": "Back in Black",
      "release_date": "1980",
      "cover_image": "https://upload.wikimedia.org/wikipedia/commons/9/92/ACDC_Back_in_Black.png",
      "label": "Albert/Atlantic"
        }
      },
      {
        "model": "content.album",
        "pk": 2,
        "fields": {
      "band": 1,
      "title": "Highway to Hell",
      "release_date": "1979",
      "cover_image": "https://upload.wikimedia.org/wikipedia/en/a/ac/Acdc_Highway_to_Hell.JPG",
      "label": "Albert/Atlantic"
        }
      },
      {
        "model": "content.album",
        "pk": 3,
        "fields": {
      "band": 2,
      "title": "Led Zeppelin IV",
      "release_date": "1971",
      "cover_image": "https://upload.wikimedia.org/wikipedia/en/2/26/Led_Zeppelin_-_Led_Zeppelin_IV.jpg",
      "label": "Atlantic"
        }
      },
      {
        "model": "content.album",
        "pk": 4,
        "fields": {
      "band": 1,
      "title": "High Voltage (Australian edition)",
      "release_date": "1975",
      "cover_image": "https://upload.wikimedia.org/wikipedia/en/e/e8/AustralianHighVoltage_ACDC.jpg",
      "label": "Albert"
        }
      },
      {
        "model": "content.album",
        "pk": 5,
        "fields": {
      "band": 1,
      "title": "Dirty Deeds Done Dirt Cheap",
      "release_date": "1976",
      "cover_image": "https://supraphonline.cz/cover/200/0/0/4/189053.jpg?1609909891",
      "label": "Albert/Atlantic"
        }
      },
      {
        "model": "content.album",
        "pk": 6,
        "fields": {
      "band": 1,
      "title": "Let There Be Rock",
      "release_date": "1977",
      "cover_image": "https://i.scdn.co/image/ab67616d0000b2734718061d413739785f87230d",
      "label": "Albert/Atlantic"
        }
      },
      {
        "model": "content.album",
        "pk": 7,
        "fields": {
      "band": 1,
      "title": "Powerage",
      "release_date": "1978",
      "cover_image": "https://upload.wikimedia.org/wikipedia/en/d/de/Acdc_Powerage.JPG",
      "label": "Albert/Atlantic"
        }
      },
      {
        "model": "content.album",
        "pk": 8,
        "fields": {
      "band": 1,
      "title": "Flick of the Switch",
      "release_date": "1983",
      "cover_image": "https://upload.wikimedia.org/wikipedia/en/8/8d/Ac-dc_Flick_of_the_Switch.JPG",
      "label": "Albert/Atlantic"
        }
      },
      {
        "model": "content.album",
        "pk": 9,
        "fields": {
      "band": 1,
      "title": "Fly on the Wall",
      "release_date": "1985",
      "cover_image": "https://data.bontonland.cz/fotky/84/p-27943-full.jpg",
      "label": "Albert/Atlantic"
        }
      },
      {
        "model": "content.album",
        "pk": 10,
        "fields": {
      "band": 1,
      "title": "Blow Up Your Video",
      "release_date": "1988",
      "cover_image": "https://upload.wikimedia.org/wikipedia/en/8/80/Blowupyourvideo.jpg",
      "label": "Albert/Atlantic"
        }
      },
      {
        "model": "content.album",
        "pk": 11,
        "fields": {
      "band": 1,
      "title": "The Razors Edge",
      "release_date": "1990",
      "cover_image": "https://upload.wikimedia.org/wikipedia/en/a/a8/Razorsedge.jpg",
      "label": "Albert/Atco"
        }
      },
      {
        "model": "content.album",
        "pk": 12,
        "fields": {
      "band": 1,
      "title": "Ballbreaker",
      "release_date": "1995",
      "cover_image": "https://upload.wikimedia.org/wikipedia/en/5/52/Ballbreaker.jpg",
      "label": "East West"
        }
      },
      {
        "model": "content.album",
        "pk": 13,
        "fields": {
      "band": 1,
      "title": "Stiff Upper Lip",
      "release_date": "2000",
      "cover_image": "https://upload.wikimedia.org/wikipedia/en/0/09/Stiff_Upper_Lip.jpg",
      "label": "East West"
        }
      },
      {
        "model": "content.album",
        "pk": 14,
        "fields": {
      "band": 1,
      "title": "Black Ice",
      "release_date": "2008",
      "cover_image": "https://upload.wikimedia.org/wikipedia/en/3/3e/Black_ice_red.jpg",
      "label": "Columbia"
        }
      },
      {
        "model": "content.album",
        "pk": 15,
        "fields": {
      "band": 1,
      "title": "Rock or Bust",
      "release_date": "2014",
      "cover_image": "https://upload.wikimedia.org/wikipedia/en/7/7f/Rock_or_Bust.jpg",
      "label": "Columbia"
        }
      },
      {
        "model": "content.album",
        "pk": 16,
        "fields": {
      "band": 1,
      "title": "Power Up",
      "release_date": "2020",
      "cover_image": "https://upload.wikimedia.org/wikipedia/en/4/4f/ACDCPowerUp.jpg",
      "label": "Columbia"
        }
      },
      {
        "model": "content.album",
        "pk": 17,
        "fields": {
      "band": 2,
      "title": "Led Zeppelin",
      "release_date": "1969",
      "cover_image": "https://upload.wikimedia.org/wikipedia/en/e/ef/Led_Zeppelin_-_Led_Zeppelin_%281969%29_front_cover.png",
      "label": "Atlantic"
        }
      },
      {
        "model": "content.album",
        "pk": 18,
        "fields": {
      "band": 2,
      "title": "Led Zeppelin II",
      "release_date": "1969",
      "cover_image": "https://data.bontonland.cz/fotky/200/p-78788-full.jpg",
      "label": "Atlantic"
        }
      },
      {
        "model": "content.album",
        "pk": 19,
        "fields": {
      "band": 2,
      "title": "Led Zeppelin III",
      "release_date": "1970",
      "cover_image": "https://www.gramodesky.cz/storage/images/led-zeppelin-led-zeppelin-iii-1970-12797-16.jpg.webp",
      "label": "Atlantic"
        }
      },
      {
        "model": "content.album",
        "pk": 20,
        "fields": {
      "band": 2,
      "title": "Houses of the Holy",
      "release_date": "1973",
      "cover_image": "https://upload.wikimedia.org/wikipedia/en/9/9f/Led_Zeppelin_-_Houses_of_the_Holy.jpg",
      "label": "Atlantic"
        }
      },
      {
        "model": "content.album",
        "pk": 21,
        "fields": {
      "band": 2,
      "title": "Physical Graffiti",
      "release_date": "1975",
      "cover_image": "https://upload.wikimedia.org/wikipedia/en/e/e3/Led_Zeppelin_-_Physical_Graffiti.jpg",
      "label": "Swan Song"
        }
      },
      {
        "model": "content.album",
        "pk": 22,
        "fields": {
      "band": 2,
      "title": "Presence",
      "release_date": "1976",
      "cover_image": "https://upload.wikimedia.org/wikipedia/en/f/f3/Led_Zeppelin_-_Presence.jpg",
      "label": "Swan Song"
        }
      },
      {
        "model": "content.album",
        "pk": 23,
        "fields": {
      "band": 2,
      "title": "In Through the Out Door",
      "release_date": "1979",
      "cover_image": "https://upload.wikimedia.org/wikipedia/en/b/ba/Led_Zeppelin_-_In_Through_the_Out_Door.jpg",
      "label": "Swan Song"
        }
      },
      {
        "model": "content.album",
        "pk": 24,
        "fields": {
      "band": 2,
      "title": "Coda",
      "release_date": "1982",
      "cover_image": "https://upload.wikimedia.org/wikipedia/commons/c/c1/Led_Zeppelin_-_Coda.jpg",
      "label": "Swan Song"
        }
      },
      {
        "model": "content.album",
        "pk": 25,
        "fields": {
          "band": 4,
          "title": "Queen",
          "release_date": "1973",
          "cover_image": "https://upload.wikimedia.org/wikipedia/en/0/03/Queen_Queen.png",
          "label": "EMI, Elektra"
        }
      },
      {
        "model": "content.album",
        "pk": 26,
        "fields": {
          "band": 4,
          "title": "Queen II",
          "release_date": "1974",
          "cover_image": "https://www.udiscovermusic.com/wp-content/uploads/2019/03/Queen-II-album-cover-820.jpg",
          "label": "EMI, Elektra"
        }
      },
      {
        "model": "content.album",
        "pk": 27,
        "fields": {
          "band": 4,
          "title": "Sheer Heart Attack",
          "release_date": "1974",
          "cover_image": "https://data.bontonland.cz/fotky/26/p-8345-full.jpg",
          "label": "EMI, Elektra"
        }
      },
      {
        "model": "content.album",
        "pk": 28,
        "fields": {
          "band": 4,
          "title": "A Night at the Opera",
          "release_date": "1975",
          "cover_image": "https://data.bontonland.cz/fotky/62/p-45081-full.jpg",
          "label": "EMI, Elektra"
        }
      },
      {
        "model": "content.album",
        "pk": 29,
        "fields": {
          "band": 4,
          "title": "A Day at the Races",
          "release_date": "1976",
          "cover_image": "https://upload.wikimedia.org/wikipedia/en/3/31/A_Day_at_the_Races_%28Queen%29.jpg",
          "label": "EMI, Elektra"
        }
      },
      {
        "model": "content.album",
        "pk": 30,
        "fields": {
          "band": 4,
          "title": "News of the World",
          "release_date": "1977",
          "cover_image": "https://i.discogs.com/AhbGWWoa7ADfDvYhAoLQHW6Zq0ZvmYqX-s8vgYnIXis/rs:fit/g:sm/q:90/h:590/w:600/czM6Ly9kaXNjb2dz/LWRhdGFiYXNlLWlt/YWdlcy9SLTEzMTY0/MDktMTI5MzI5MTQ0/OC5qcGVn.jpeg",
          "label": "EMI, Elektra"
        }
      },
      {
        "model": "content.album",
        "pk": 31,
        "fields": {
          "band": 4,
          "title": "Jazz",
          "release_date": "1978",
          "cover_image": "https://upload.wikimedia.org/wikipedia/en/0/06/Queen_Jazz.png",
          "label": "EMI, Elektra"
        }
      },
      {
        "model": "content.album",
        "pk": 32,
        "fields": {
          "band": 4,
          "title": "The Game",
          "release_date": "1980",
          "cover_image": "https://upload.wikimedia.org/wikipedia/en/1/16/Queen_The_Game.png",
          "label": "EMI, Elektra"
        }
      },
      {
        "model": "content.album",
        "pk": 33,
        "fields": {
          "band": 4,
          "title": "Flash Gordon",
          "release_date": "1980",
          "cover_image": "https://data.bontonland.cz/fotky/134/p-50339-full.jpg",
          "label": "EMI, Elektra"
        }
      },
      {
        "model": "content.album",
        "pk": 34,
        "fields": {
          "band": 4,
          "title": "Hot Space",
          "release_date": "1982",
          "cover_image": "https://data.bontonland.cz/fotky/230/p-106939-full.jpg",
          "label": "EMI, Elektra"
        }
      },
      {
        "model": "content.album",
        "pk": 35,
        "fields": {
          "band": 4,
          "title": "The Works",
          "release_date": "1984",
          "cover_image": "https://upload.wikimedia.org/wikipedia/en/3/39/Queen_The_Works.png",
          "label": "EMI, Capitol"
        }
      },
      {
        "model": "content.album",
        "pk": 36,
        "fields": {
          "band": 4,
          "title": "A Kind of Magic",
          "release_date": "1986",
          "cover_image": "https://upload.wikimedia.org/wikipedia/en/6/63/Queen_A_Kind_Of_Magic.png",
          "label": "EMI, Capitol"
        }
      },
      {
        "model": "content.album",
        "pk": 37,
        "fields": {
          "band": 4,
          "title": "The Miracle",
          "release_date": "1989",
          "cover_image": "https://upload.wikimedia.org/wikipedia/en/e/e3/Queen_The_Miracle.png",
          "label": "Parlophone, Capitol"
        }
      },
      {
        "model": "content.album",
        "pk": 38,
        "fields": {
          "band": 4,
          "title": "Innuendo",
          "release_date": "1991",
          "cover_image": "https://upload.wikimedia.org/wikipedia/en/f/f7/Queen_Innuendo.png",
          "label": "Parlophone, Hollywood"
        }
      },
      {
        "model": "content.album",
        "pk": 39,
        "fields": {
          "band": 4,
          "title": "Made in Heaven",
          "release_date": "1995",
          "cover_image": "https://upload.wikimedia.org/wikipedia/en/0/03/Madeinheaven.jpg",
          "label": "Parlophone, Hollywood"
        }
      },
  {
    "model": "content.song",
    "pk": 1,
    "fields": {
      "album": 1,
      "title": "Hells Bells",
      "duration": "00:05:12"
    }
  },
  {
    "model": "content.song",
    "pk": 2,
    "fields": {
      "album": 1,
      "title": "Shoot to Thrill",
      "duration": "00:05:17"
    }
  },
  {
    "model": "content.song",
    "pk": 3,
    "fields": {
      "album": 1,
      "title": "What Do You Do for Money Honey",
      "duration": "00:03:33"
    }
  },
  {
    "model": "content.song",
    "pk": 4,
    "fields": {
      "album": 1,
      "title": "Given the Dog a Bone",
      "duration": "00:03:30"
    }
  },
  {
    "model": "content.song",
    "pk": 5,
    "fields": {
      "album": 1,
      "title": "Let Me Put My Love into You",
      "duration": "00:04:16"
    }
  },
  {
    "model": "content.song",
    "pk": 6,
    "fields": {
      "album": 1,
      "title": "Back in Black",
      "duration": "00:04:15"
    }
  },
  {
    "model": "content.song",
    "pk": 7,
    "fields": {
      "album": 1,
      "title": "You Shook Me All Night Long",
      "duration": "00:03:30"
    }
  },
  {
    "model": "content.song",
    "pk": 8,
    "fields": {
      "album": 1,
      "title": "Have a Drink on Me",
      "duration": "00:03:57"
    }
  },
  {
    "model": "content.song",
    "pk": 9,
    "fields": {
      "album": 1,
      "title": "Shake a Leg",
      "duration": "00:04:06"
    }
  },
  {
    "model": "content.song",
    "pk": 10,
    "fields": {
      "album": 1,
      "title": "Rock and Roll Ain't Noise Pollution",
      "duration": "00:04:15"
    }
  },
  {
    "model": "content.song",
    "pk": 11,
    "fields": {
      "album": 3,
      "title": "Black Dog",
      "duration": "00:04:55"
    }
  },
  {
    "model": "content.song",
    "pk": 12,
    "fields": {
      "album": 3,
      "title": "Rock and Roll",
      "duration": "00:03:40"
    }
  },
  {
    "model": "content.song",
    "pk": 13,
    "fields": {
      "album": 3,
      "title": "The Battle of Evermore",
      "duration": "00:05:52"
    }
  },
  {
    "model": "content.song",
    "pk": 14,
    "fields": {
      "album": 3,
      "title": "Stairway to Heaven",
      "duration": "00:08:02"
    }
  },
  {
    "model": "content.song",
    "pk": 15,
    "fields": {
      "album": 3,
      "title": "Misty Mountain Hop",
      "duration": "00:04:39"
    }
  },
  {
    "model": "content.song",
    "pk": 16,
    "fields": {
      "album": 3,
      "title": "Four Sticks",
      "duration": "00:04:44"
    }
  },
  {
    "model": "content.song",
    "pk": 17,
    "fields": {
      "album": 3,
      "title": "Going to California",
      "duration": "00:03:31"
    }
  },
  {
    "model": "content.song",
    "pk": 18,
    "fields": {
      "album": 3,
      "title": "When the Levee Breaks",
      "duration": "00:07:08"
    }
  }
]
